model_id,model_name,entity_id,entity_name,entity_type,reference_type,reference_resource,standard_name
311,Interferon 1 pathway,50031,cytoplasm,Compartment,GO,GO:0005737,cytoplasm
311,Interferon 1 pathway,50036,Mitochondrion,Compartment,GO,GO:0005739,mitochondrion
311,Interferon 1 pathway,50039,MERS PLPRo,Protein,,,
311,Interferon 1 pathway,50041,MYD88_TCAM1,Complex,HGNC/HGNC,7562/30707,MYD88/TCAM1P
311,Interferon 1 pathway,50043,TCAM1,Protein,HGNC,30707,TCAM1P
311,Interferon 1 pathway,50044,IKK,Complex,FPLX,IKK_complex,IKK_complex
311,Interferon 1 pathway,50051,TAB1_IKBKE,Complex,HGNC/HGNC,18157/14552,TAB1/IKBKE
311,Interferon 1 pathway,50056,SARS N,Protein,,,
311,Interferon 1 pathway,50067,IKK,Complex,FPLX,IKK_complex,IKK_complex
311,Interferon 1 pathway,50071,MERS PLPro,Protein,,,
311,Interferon 1 pathway,50072,RIG1_MDA5,Complex,HGNC/HGNC,19102/18873,DDX58/IFIH1
311,Interferon 1 pathway,50076,Viral RNA,Simple molecule,MESH,D012367,"RNA, Viral"
311,Interferon 1 pathway,50078,MERS 5,Protein,,,
311,Interferon 1 pathway,50081,MAPK8/14,Complex,HGNC/HGNC,6881/6876,MAPK8/MAPK14
311,Interferon 1 pathway,50087,"MERS 4a, 4b",Protein,,,
311,Interferon 1 pathway,50105,NFKB_NFKBIA,Complex,FPLX/HGNC,NFkappaB/7797,NFkappaB/NFKBIA
311,Interferon 1 pathway,50109,AP-1,Complex,FPLX,AP1,AP1
311,Interferon 1 pathway,50114,p50_p65,Complex,HGNC/HGNC,7794/9955,NFKB1/RELA
311,Interferon 1 pathway,50118,Viral RNA,Simple molecule,MESH,D012367,"RNA, Viral"
311,Interferon 1 pathway,50119,MERS 4a,Protein,,,
311,Interferon 1 pathway,50120,TCAM1,Protein,HGNC,30707,TCAM1P
311,Interferon 1 pathway,50125,PLpro (nsp3),Protein,,,
311,Interferon 1 pathway,50131,nucleus,Compartment,GO,GO:0005634,nucleus
311,Interferon 1 pathway,50132,EIF2AK,Gene,,,
311,Interferon 1 pathway,50133,p50_p65,Complex,HGNC/HGNC,7794/9955,NFKB1/RELA
311,Interferon 1 pathway,50138,s27,Degraded,HGNC,10416,RPS27
311,Interferon 1 pathway,50139,s22,Degraded,,,
311,Interferon 1 pathway,50142,s36,Degraded,,,
311,Interferon 1 pathway,50145,s67,Degraded,,,
311,Interferon 1 pathway,50155,s63,Degraded,,,
311,Interferon 1 pathway,50156,AP-1,Complex,FPLX,AP1,AP1
311,Interferon 1 pathway,50159,EIF2AK,RNA,,,
311,Interferon 1 pathway,50161,s39,Degraded,,,
311,Interferon 1 pathway,50162,plasma membrane,Compartment,GO,GO:0005886,plasma membrane
311,Interferon 1 pathway,50172,TLR_PAMP,Complex,FPLX/HGNC,TLR/12843,TLR/YME1L1
311,Interferon 1 pathway,50173,PAMP,Simple molecule,HGNC,12843,YME1L1
311,Interferon 1 pathway,50178,Extracellular Space,Compartment,GO,GO:0005615,extracellular space
311,Interferon 1 pathway,50181,PAMP,Simple molecule,HGNC,12843,YME1L1
311,Interferon 1 pathway,50182,Phenotype,Compartment,MESH,D010641,Phenotype
311,Interferon 1 pathway,50184,secreted molecules,Compartment,,,
312,HCoVs autophagy (WP4863),50188,ac27b,Complex,,,
312,HCoVs autophagy (WP4863),50192,d2646,Complex,,,
312,HCoVs autophagy (WP4863),50193,nsp6,Protein,,,
312,HCoVs autophagy (WP4863),50194,nsp567,Protein,,,
312,HCoVs autophagy (WP4863),50195,fccb6,Complex,,,
312,HCoVs autophagy (WP4863),50199,a2002,Complex,,,
312,HCoVs autophagy (WP4863),50202,DMV  double membrane  vesicle,Unknown,,,
312,HCoVs autophagy (WP4863),50203,Autophagosome,Unknown,GO,GO:0005776,autophagosome
312,HCoVs autophagy (WP4863),50204,b392b,Complex,,,
312,HCoVs autophagy (WP4863),50208,ac403,Complex,,,
312,HCoVs autophagy (WP4863),50211,b35a3,Complex,,,
312,HCoVs autophagy (WP4863),50214,a61b2,Complex,,,
312,HCoVs autophagy (WP4863),50217,b2eb5,Complex,,,
312,HCoVs autophagy (WP4863),50218,nsp6,Protein,,,
312,HCoVs autophagy (WP4863),50219,nsp567,Protein,,,
312,HCoVs autophagy (WP4863),50220,autophagy initiation complex,Complex,,,
312,HCoVs autophagy (WP4863),50227,Endoplasmic Reticulum,Unknown,GO,GO:0005783,endoplasmic reticulum
312,HCoVs autophagy (WP4863),50229,e7545,Complex,,,
312,HCoVs autophagy (WP4863),50234,virus type/species  Phosphorylation PRRSV virus protein,Complex,/,/,/
312,HCoVs autophagy (WP4863),50235,e453d,Complex,,,
312,HCoVs autophagy (WP4863),50238,Autolysosome,Unknown,GO,GO:0044754,autolysosome
312,HCoVs autophagy (WP4863),50240,EDEMosome,Unknown,,,
312,HCoVs autophagy (WP4863),50241,Lysozome,Unknown,,,
312,HCoVs autophagy (WP4863),53277,Nucleation,Pathway,,,
312,HCoVs autophagy (WP4863),53278,ER,Pathway,FPLX,ESR,ESR
312,HCoVs autophagy (WP4863),53279,(inactive),Pathway,,,
312,HCoVs autophagy (WP4863),53280,phosphorylation,Pathway,GO,GO:0016310,phosphorylation
312,HCoVs autophagy (WP4863),53281,"MHV, EAV infection",Pathway,,,
312,HCoVs autophagy (WP4863),53282,"SARS, IBV, MHV",Pathway,,,
312,HCoVs autophagy (WP4863),53283,PRRSV,Pathway,MESH,D019316,Porcine respiratory and reproductive syndrome virus
312,HCoVs autophagy (WP4863),53284,"SARS, IBV, MHV",Pathway,,,
312,HCoVs autophagy (WP4863),53285,PRRSV,Pathway,MESH,D019316,Porcine respiratory and reproductive syndrome virus
312,HCoVs autophagy (WP4863),53286,Initiation,Pathway,,,
312,HCoVs autophagy (WP4863),53287,Elongation,Pathway,,,
312,HCoVs autophagy (WP4863),53288,Maturation,Pathway,,,
312,HCoVs autophagy (WP4863),53289,Legend,Pathway,,,
313,ER stress,50245,Cytoplasm,Compartment,GO,GO:0005737,cytoplasm
313,ER stress,50248,release of ER Ca2+,Phenotype,,,
313,ER stress,50249,protein ubiquitination and destruction,Phenotype,,,
313,ER stress,50256,Nucleus,Compartment,GO,GO:0005634,nucleus
313,ER stress,50279,CASP8:CASP8-ubq:FADD,Complex,HGNC//HGNC,1509//3573,CASP8//FADD
313,ER stress,50287,Cell survival,Phenotype,MESH,D002470,Cell Survival
313,ER stress,50297,Endoplasmic Reticulum,Compartment,GO,GO:0005783,endoplasmic reticulum
313,ER stress,50299,hyperoxidation,Phenotype,,,
313,ER stress,50300,TRAF2:ERN1,Complex,HGNC/HGNC,12032/3449,TRAF2/ERN1
313,ER stress,50303,Unfolded protein,Protein,,,
313,ER stress,50306,ER Stress,Phenotype,MESH,D059865,Endoplasmic Reticulum Stress
313,ER stress,50307,accumulation of misfolded protein in ER,Phenotype,,,
313,ER stress,50311,retrograde transport from ER to cytosol,Phenotype,,,
313,ER stress,50313,EIF2AK3:EIF2AK3,Complex,HGNC/HGNC,3255/3255,EIF2AK3/EIF2AK3
313,ER stress,50316,BAX:ERN1,Complex,HGNC/HGNC,959/3449,BAX/ERN1
313,ER stress,50320,MAM,Phenotype,GO,GO:0044233,mitochondria-associated endoplasmic reticulum membrane
313,ER stress,50321,Unfolded protein,Protein,,,
313,ER stress,50322,ATF6:HSPA5,Complex,HGNC/HGNC,791/5238,ATF6/HSPA5
313,ER stress,50325,BAK1:ERN1,Complex,HGNC/HGNC,949/3449,BAK1/ERN1
313,ER stress,50330,Unfolded protein,Protein,,,
313,ER stress,50333,ERN1:BCL2L11,Complex,HGNC/HGNC,3449/994,ERN1/BCL2L11
313,ER stress,50336,ERN1:Unfolded protein,Complex,HGNC/,3449/,ERN1/
313,ER stress,50339,Unfolded protein,Protein,,,
313,ER stress,50340,ERN1:BBC3,Complex,HGNC/HGNC,3449/17868,ERN1/BBC3
313,ER stress,50346,Persistant ER Stress,Phenotype,,,
313,ER stress,50354,EIF2B*,Complex,,,
313,ER stress,50364,Autophgosome,Compartment,,,
313,ER stress,50368,CASP8:FADD:MAP1LC3A:SQSTM1:ATG5,Complex,HGNC/HGNC/HGNC/HGNC/HGNC,1509/3573/6838/11280/589,CASP8/FADD/MAP1LC3A/SQSTM1/ATG5
313,ER stress,50375,Ternary Complex,Complex,,,
313,ER stress,50382,EIF2-P:GDP,Complex,/CHEBI,/CHEBI:17552,/GDP
313,ER stress,50388,EIF2S3:GDP,Complex,HGNC/CHEBI,3267/CHEBI:17552,EIF2S3/GDP
313,ER stress,50399,GCN2:ATP,Complex,HGNC/CHEBI,19687/CHEBI:15422,EIF2AK4/ATP
313,ER stress,50402,ERAD,Phenotype,,,
313,ER stress,50406,EIF2:GDP:Met-tRNA,Complex,HGNC/CHEBI/,3267/CHEBI:17552/,EIF2S3/GDP/
313,ER stress,50412,Mitochondria,Compartment,GO,GO:0005739,mitochondrion
313,ER stress,50413,Mitochondrial inner membrane,Compartment,GO,GO:0005743,mitochondrial inner membrane
313,ER stress,50415,s619,Complex,,,
313,ER stress,50419,VDAC,Protein,,,
313,ER stress,50425,high Ca2+ cytosolic concentration,Phenotype,,,
313,ER stress,50427,Cell death,Phenotype,GO,GO:0008219,cell death
313,ER stress,50428,Apoptosis,Phenotype,GO,GO:0006915,apoptotic process
313,ER stress,50430,UPR,Phenotype,,,
313,ER stress,50431,EIF2:GDP,Complex,HGNC/CHEBI,3267/CHEBI:17552,EIF2S3/GDP
313,ER stress,50436,Golgi,Compartment,,,
313,ER stress,50442,CAPN1:Ca2+,Complex,HGNC/CHEBI,1476/CHEBI:29108,CAPN1/calcium(2+)
313,ER stress,50445,Translation initiation,Phenotype,GO,GO:0006413,translational initiation
313,ER stress,50447,presence of dsRNA,Phenotype,,,
314,ETC,50449,mitochondrium,Compartment,,,
314,ETC,50453,inner membrane,Compartment,,,
314,ETC,50458,beta supernumerary subunits,Complex,,,
314,ETC,50470,Fe-S supernumerary subunits,Complex,,,
314,ETC,50474,alpha supernumerary subunits,Complex,,,
314,ETC,50504,e-,Ion,CHEBI,CHEBI:10545,electron
314,ETC,50522,Nsp7,Protein,UNIPROT,P0DTC1,Nsp7
314,ETC,50524,c4 assembly,Complex,,,
314,ETC,50545,C1 assembly factors,Complex,,,
314,ETC,50562,Fe-S subunit assembly,Complex,,,
314,ETC,50567,c3 assembly factors,Complex,,,
314,ETC,50571,C2 assembly factors,Complex,,,
314,ETC,50575,flavoprotein,Complex,CHEBI,CHEBI:5086,flavoprotein
314,ETC,50578,Fe-S protein,Complex,CHEBI,CHEBI:35135,iron-sulfur protein
314,ETC,50580,Fe-S,Simple molecule,HGNC,3657,FES
314,ETC,50603,e-,Ion,CHEBI,CHEBI:10545,electron
314,ETC,50605,complex 3,Complex,,,
314,ETC,50606,MT-CYB subunit,Complex,,,
314,ETC,50609,Fe-S subunit,Complex,,,
314,ETC,50611,Fe-S,Simple molecule,HGNC,3657,FES
314,ETC,50615,BCS1,Protein,,,
314,ETC,50621,e-,Ion,CHEBI,CHEBI:10545,electron
314,ETC,50626,c4 assembly,Complex,,,
314,ETC,50647,C1 assembly factors,Complex,,,
314,ETC,50664,Fe-S subunit assembly,Complex,,,
314,ETC,50669,c3 assembly factors,Complex,,,
314,ETC,50673,C2 assembly factors,Complex,,,
314,ETC,50677,Nsp8,Protein,UNIPROT,P0DTC1,Nsp8
314,ETC,50681,Fe-S subunit assembly,Complex,,,
314,ETC,50686,c3 assembly factors,Complex,,,
314,ETC,50690,C2 assembly factors,Complex,,,
314,ETC,50693,c4 assembly,Complex,,,
314,ETC,50714,C1 assembly factors,Complex,,,
314,ETC,50739,ORF-9c,Protein,,,
314,ETC,50741,c4 assembly,Complex,,,
314,ETC,50762,C1 assembly factors,Complex,,,
314,ETC,50779,Fe-S subunit assembly,Complex,,,
314,ETC,50784,c3 assembly factors,Complex,,,
314,ETC,50788,C2 assembly factors,Complex,,,
314,ETC,50792,flavoprotein,Complex,CHEBI,CHEBI:5086,flavoprotein
314,ETC,50795,Fe-S protein,Complex,CHEBI,CHEBI:35135,iron-sulfur protein
314,ETC,50797,Fe-S,Simple molecule,HGNC,3657,FES
314,ETC,50804,F(0),Complex,,,
314,ETC,50816,F(1),Complex,,,
314,ETC,50823,ATPIF1,Protein,HGNC,871,ATP5IF1
314,ETC,50842,C1,Complex,FPLX,C1,C1
314,ETC,50850,C4,Complex,HGNC,1323,C4A
314,ETC,50854,C5,Complex,HGNC,1331,C5
314,ETC,50857,C3,Complex,HGNC,1318,C3
314,ETC,50860,TCA,Phenotype,CHEBI,CHEBI:30956,trichloroacetic acid
314,ETC,50863,flavoprotein,Complex,CHEBI,CHEBI:5086,flavoprotein
314,ETC,50866,Fe-S protein,Complex,CHEBI,CHEBI:35135,iron-sulfur protein
314,ETC,50868,Fe-S,Simple molecule,HGNC,3657,FES
314,ETC,50872,nucleoid,Compartment,GO,GO:0009295,nucleoid
314,ETC,50877,mt DNA repair,Phenotype,,,
314,ETC,50885,POLG1,Protein,HGNC,9179,POLG
314,ETC,50891,MTRNR1,RNA,HGNC,7470,MT-RNR1
314,ETC,50912,GARS,Protein,HGNC,4162,GARS1
314,ETC,50913,KARS,Protein,FPLX,Kainate_family,Kainate_family
314,ETC,50916,mt DNA,Complex,,,
314,ETC,50917,mt DNA damage,Phenotype,,,
314,ETC,50936,mt DNA replication,Phenotype,,,
314,ETC,50937,paraquat dication,Complex,CHEBI,CHEBI:34905,paraquat
315,PAMP signaling,50947,Cell,Compartment,GO,GO:0005623,cell
315,PAMP signaling,50951,JNK,Complex,FPLX,JNK,JNK
315,PAMP signaling,50954,Nsp3,Protein,UNIPROT,P0DTC1,Nsp3
315,PAMP signaling,50955,TANK:TRAF3:IKBKE,Complex,HGNC/HGNC/HGNC,11562/12033/14552,TANK/TRAF3/IKBKE
315,PAMP signaling,50963,Nsp3,Protein,UNIPROT,P0DTC1,Nsp3
315,PAMP signaling,50967,AP1,Complex,FPLX,AP1,AP1
315,PAMP signaling,50971,NFKB:NFKBIA,Complex,FPLX/HGNC,NFkappaB/7797,NFkappaB/NFKBIA
315,PAMP signaling,50979,MYD88:IRAK:TRAF,Complex,HGNC/HGNC/,7562/6112/,MYD88/IRAK1/
315,PAMP signaling,50985,MAVS:TRADD,Complex,HGNC/HGNC,29233/12030,MAVS/TRADD
315,PAMP signaling,50988,endosome,Compartment,GO,GO:0005768,endosome
315,PAMP signaling,50989,dsRNA,RNA,CHEBI,CHEBI:67208,double-stranded RNA
315,PAMP signaling,50990,TLR7:ssRNA,Complex,HGNC/,15631/,TLR7/
315,PAMP signaling,50992,ssRNA,RNA,,,
315,PAMP signaling,50994,TLR3:dsRNA,Complex,HGNC/CHEBI,11849/CHEBI:67208,TLR3/double-stranded RNA
315,PAMP signaling,50996,dsRNA,RNA,CHEBI,CHEBI:67208,double-stranded RNA
315,PAMP signaling,50997,TLR8:ssRNA,Complex,HGNC/,15632/,TLR8/
315,PAMP signaling,50999,ssRNA,RNA,,,
315,PAMP signaling,51000,ssRNA,RNA,,,
315,PAMP signaling,51003,M,Protein,UNIPROT,P0DTC5,M
315,PAMP signaling,51007,TANK:TRAF3:IKBKE,Complex,HGNC/HGNC/HGNC,11562/12033/14552,TANK/TRAF3/IKBKE
315,PAMP signaling,51011,dsRNA,RNA,CHEBI,CHEBI:67208,double-stranded RNA
315,PAMP signaling,51013,nucleus,Compartment,GO,GO:0005634,nucleus
315,PAMP signaling,51014,NFKB,Complex,FPLX,NFkappaB,NFkappaB
315,PAMP signaling,51018,transcription of proinflammatory proteins,Phenotype,,,
315,PAMP signaling,51021,AP1,Complex,FPLX,AP1,AP1
315,PAMP signaling,51028,NFKB,Complex,FPLX,NFkappaB,NFkappaB
315,PAMP signaling,51033,s550,Degraded,,,
315,PAMP signaling,51038,dsRNA,RNA,CHEBI,CHEBI:67208,double-stranded RNA
315,PAMP signaling,51040,TANK:TRAF3:IKBKE,Complex,HGNC/HGNC/HGNC,11562/12033/14552,TANK/TRAF3/IKBKE
315,PAMP signaling,51044,M,Protein,UNIPROT,P0DTC5,M
315,PAMP signaling,51046,s551,Degraded,,,
315,PAMP signaling,51049,JNK,Complex,FPLX,JNK,JNK
315,PAMP signaling,51052,TANK:TRAF3:IKBKE,Complex,HGNC/HGNC/HGNC,11562/12033/14552,TANK/TRAF3/IKBKE
315,PAMP signaling,51057,NFKB:NFKBIA,Complex,FPLX/HGNC,NFkappaB/7797,NFkappaB/NFKBIA
315,PAMP signaling,51062,DDX58:dsRNA,Complex,HGNC/CHEBI,19102/CHEBI:67208,DDX58/double-stranded RNA
315,PAMP signaling,51063,dsRNA,RNA,CHEBI,CHEBI:67208,double-stranded RNA
315,PAMP signaling,51065,MAVS:TRAF,Complex,HGNC/,29233/,MAVS/
315,PAMP signaling,51070,Degradation of NFKBIA,Degraded,,,
315,PAMP signaling,51072,Nsp3,Protein,UNIPROT,P0DTC1,Nsp3
315,PAMP signaling,51074,IFIH1:dsRNA,Complex,HGNC/CHEBI,18873/CHEBI:67208,IFIH1/double-stranded RNA
315,PAMP signaling,51076,dsRNA,RNA,CHEBI,CHEBI:67208,double-stranded RNA
315,PAMP signaling,51078,dsRNA,RNA,CHEBI,CHEBI:67208,double-stranded RNA
315,PAMP signaling,51080,RIPK1:FADD,Complex,HGNC/HGNC,10019/3573,RIPK1/FADD
315,PAMP signaling,51084,EIF2AK2:dsRNA,Complex,HGNC/CHEBI,9437/CHEBI:67208,EIF2AK2/double-stranded RNA
315,PAMP signaling,51085,dsRNA,RNA,CHEBI,CHEBI:67208,double-stranded RNA
315,PAMP signaling,51087,Nsp15,Protein,UNIPROT,P0DTD1,Nsp15
315,PAMP signaling,51090,TICAM1:TRAF3:TRAF6,Complex,HGNC/HGNC/HGNC,18348/12033/12036,TICAM1/TRAF3/TRAF6
315,PAMP signaling,51095,s552,Degraded,,,
315,PAMP signaling,51099,M,Protein,UNIPROT,P0DTC5,M
315,PAMP signaling,51101,N,Protein,UNIPROT,P0DTC9,N
315,PAMP signaling,51102,N,Protein,UNIPROT,P0DTC9,N
315,PAMP signaling,51109,AP1,Complex,FPLX,AP1,AP1
315,PAMP signaling,51112,Orf8,Protein,UNIPROT,P0DTC8,Orf8
315,PAMP signaling,51120,Nsp15,Protein,UNIPROT,P0DTD1,Nsp15
315,PAMP signaling,51124,Nsp3,Protein,UNIPROT,P0DTC1,Nsp3
315,PAMP signaling,51125,RIPK1:FADD,Complex,HGNC/HGNC,10019/3573,RIPK1/FADD
315,PAMP signaling,51128,Nsp3,Protein,UNIPROT,P0DTC1,Nsp3
315,PAMP signaling,51129,M,Protein,UNIPROT,P0DTC5,M
315,PAMP signaling,51131,ubiquitin-proteasome complex,Complex,,,
315,PAMP signaling,51134,IKK Complex,Complex,FPLX,IKK_complex,IKK_complex
315,PAMP signaling,51139,IKK Complex,Complex,FPLX,IKK_complex,IKK_complex
316,Orf3a interactions,51144,Sars Cov 2(Orf3a),Compartment,,,
316,Orf3a interactions,51158,TRIM30a,Protein,,,
316,Orf3a interactions,51170,IL-1,Protein,FPLX,IL1,IL1
316,Orf3a interactions,51193,E,Protein,UNIPROT,P0DTC4,E
316,Orf3a interactions,51199,ASC,Protein,HGNC,11425,STS
316,Orf3a interactions,51205,ENDOSOME,Compartment,GO,GO:0005768,endosome
316,Orf3a interactions,51206,dsRNA,RNA,CHEBI,CHEBI:67208,double-stranded RNA
316,Orf3a interactions,51207,ssRNA,RNA,,,
316,Orf3a interactions,51232,E,Protein,UNIPROT,P0DTC4,E
316,Orf3a interactions,51233,Orf3a,Protein,UNIPROT,P0DTC3,Orf3a
316,Orf3a interactions,51237,Nucleus,Compartment,GO,GO:0005634,nucleus
317,Virus replication cycle,51248,EPITHELIAL CELL,Compartment,MESH,D004847,Epithelial Cells
317,Virus replication cycle,51249,SARS-CoV-2 polyproteins (Nsp5-16),Complex,,,
317,Virus replication cycle,51250,SARS-CoV-2 pp1ab (Nsp5-16),Protein,,,
317,Virus replication cycle,51251,SARS-CpV-2 pp1a (Nsp5-11),Protein,,,
317,Virus replication cycle,51252,s2919,Degraded,,,
317,Virus replication cycle,51258,Nsp5,Protein,UNIPROT,P0DTC1,Nsp5
317,Virus replication cycle,51260,SARS-CoV-2 structural protein coding (-)sgmRNAs,Complex,,,
317,Virus replication cycle,51261,E,RNA,UNIPROT,P0DTC4,E
317,Virus replication cycle,51262,S,RNA,UNIPROT,P0DTC2,Spike
317,Virus replication cycle,51263,M,RNA,UNIPROT,P0DTC5,M
317,Virus replication cycle,51265,Nsp3,Protein,UNIPROT,P0DTC1,Nsp3
317,Virus replication cycle,51266,SARS-CoV-2 polyproteins (Nsp6-16),Complex,,,
317,Virus replication cycle,51267,SARS-CoV-2 pp1ab (Nsp 6-16),Protein,,,
317,Virus replication cycle,51268,SARS-CoV-2 pp1a (Nsp 6-11),Protein,,,
317,Virus replication cycle,51279,SARS-CoV-2 structural protein coding (+)sgmRNAs,Complex,,,
317,Virus replication cycle,51280,E,RNA,UNIPROT,P0DTC4,E
317,Virus replication cycle,51281,S,RNA,UNIPROT,P0DTC2,Spike
317,Virus replication cycle,51282,M,RNA,UNIPROT,P0DTC5,M
317,Virus replication cycle,51284,SARS-CoV-2 polyproteins (cleaved),Complex,,,
317,Virus replication cycle,51285,"SARS-CoV-2 pp1ab (Nsp1,2,4-16)",Protein,,,
317,Virus replication cycle,51286,"SARS-CoV-2 pp1ab (Nsp1,2,4-11)",Protein,,,
317,Virus replication cycle,51290,SARS-CoV-2 accessory proteins,Complex,,,
317,Virus replication cycle,51291,Orf3a,Protein,UNIPROT,P0DTC3,Orf3a
317,Virus replication cycle,51292,Orf6,Protein,UNIPROT,P0DTC6,Orf6
317,Virus replication cycle,51294,Orf7b,Protein,UNIPROT,P0DTD8,Orf7b
317,Virus replication cycle,51295,Orf14,Protein,,,
317,Virus replication cycle,51296,Orf9b,Protein,UNIPROT,P0DTD2,Orf9b
317,Virus replication cycle,51297,Orf8,Protein,UNIPROT,P0DTC8,Orf8
317,Virus replication cycle,51298,SARS-CoV-2 structural proteins,Complex,,,
317,Virus replication cycle,51302,SARS-CoV-2  Nsp5 products,Complex,,,
317,Virus replication cycle,51303,Nsp12,Protein,UNIPROT,P0DTD1,Nsp12
317,Virus replication cycle,51304,Nsp13,Protein,UNIPROT,P0DTD1,Nsp13
317,Virus replication cycle,51305,Nsp16,Protein,UNIPROT,P0DTD1,Nsp16
317,Virus replication cycle,51306,Nsp10,Protein,UNIPROT,P0DTC1,Nsp10
317,Virus replication cycle,51307,Nsp9,Protein,UNIPROT,P0DTC1,Nsp9
317,Virus replication cycle,51308,Nsp8,Protein,UNIPROT,P0DTC1,Nsp8
317,Virus replication cycle,51309,Nsp7,Protein,UNIPROT,P0DTC1,Nsp7
317,Virus replication cycle,51310,Nsp6,Protein,UNIPROT,P0DTC1,Nsp6
317,Virus replication cycle,51311,Nsp15,Protein,UNIPROT,P0DTD1,Nsp15
317,Virus replication cycle,51312,Nsp14,Protein,UNIPROT,P0DTD1,Nsp14
317,Virus replication cycle,51314,SARS-CoV-2 accessory protein coding (-)sgmRNAs,Complex,,,
317,Virus replication cycle,51315,Orf3a,RNA,UNIPROT,P0DTC3,Orf3a
317,Virus replication cycle,51316,Orf7a,RNA,UNIPROT,P0DTC7,Orf7a
317,Virus replication cycle,51317,Orf7b,RNA,UNIPROT,P0DTD8,Orf7b
317,Virus replication cycle,51318,Orf8,RNA,UNIPROT,P0DTC8,Orf8
317,Virus replication cycle,51319,Orf6,RNA,UNIPROT,P0DTC6,Orf6
317,Virus replication cycle,51320,Orf9b,RNA,UNIPROT,P0DTD2,Orf9b
317,Virus replication cycle,51321,Orf14,RNA,,,
317,Virus replication cycle,51322,N (+)sgmRNA,RNA,,,
317,Virus replication cycle,51323,SARS-CoV-2 accessory protein coding (+)sgmRNAs,Complex,,,
317,Virus replication cycle,51324,Orf3a,RNA,UNIPROT,P0DTC3,Orf3a
317,Virus replication cycle,51325,Orf7a,RNA,UNIPROT,P0DTC7,Orf7a
317,Virus replication cycle,51326,Orf7b,RNA,UNIPROT,P0DTD8,Orf7b
317,Virus replication cycle,51327,Orf8,RNA,UNIPROT,P0DTC8,Orf8
317,Virus replication cycle,51328,Orf6,RNA,UNIPROT,P0DTC6,Orf6
317,Virus replication cycle,51329,Orf9b,RNA,UNIPROT,P0DTD2,Orf9b
317,Virus replication cycle,51330,Orf14,RNA,,,
317,Virus replication cycle,51331,SARS-CoV-2 Nsp3 products,Complex,,,
317,Virus replication cycle,51332,Nsp1,Protein,UNIPROT,P0DTC1,Nsp1
317,Virus replication cycle,51333,Nsp2,Protein,UNIPROT,P0DTC1,Nsp2
317,Virus replication cycle,51334,Nsp4,Protein,UNIPROT,P0DTC1,Nsp4
317,Virus replication cycle,51338,SARS-CoV-2 polyproteins,Complex,,,
317,Virus replication cycle,51339,SARS-CoV-2 polyprotein 1a,Protein,,,
317,Virus replication cycle,51340,SARS-CoV-2 polyprotein 1ab,Protein,,,
317,Virus replication cycle,51346,Replication transcription complex:N oligomer,Complex,/,/,/
317,Virus replication cycle,51347,Replication transcription complex,Complex,,,
317,Virus replication cycle,51349,Replication transcription complex,Complex,,,
317,Virus replication cycle,51350,Replication transcription complex,Complex,,,
317,Virus replication cycle,51351,N (-)sgmRNA,RNA,,,
317,Virus replication cycle,51354,SARS-CoV-2 accessory proteins,Complex,,,
317,Virus replication cycle,51355,Orf3a,Protein,UNIPROT,P0DTC3,Orf3a
317,Virus replication cycle,51356,Orf6,Protein,UNIPROT,P0DTC6,Orf6
317,Virus replication cycle,51358,Orf7b,Protein,UNIPROT,P0DTD8,Orf7b
317,Virus replication cycle,51359,Orf14,Protein,,,
317,Virus replication cycle,51360,Orf9b,Protein,UNIPROT,P0DTD2,Orf9b
317,Virus replication cycle,51361,Orf8,Protein,UNIPROT,P0DTC8,Orf8
317,Virus replication cycle,51362,SARS-CoV-2 structural proteins,Complex,,,
317,Virus replication cycle,51366,SARS-CoV-2 accessory proteins,Complex,,,
317,Virus replication cycle,51367,Orf6,Protein,UNIPROT,P0DTC6,Orf6
317,Virus replication cycle,51368,Orf7b,Protein,UNIPROT,P0DTD8,Orf7b
317,Virus replication cycle,51369,Orf14,Protein,,,
317,Virus replication cycle,51370,Orf9b,Protein,UNIPROT,P0DTD2,Orf9b
317,Virus replication cycle,51371,Orf8,Protein,UNIPROT,P0DTC8,Orf8
317,Virus replication cycle,51372,Orf3a,Protein,UNIPROT,P0DTC3,Orf3a
317,Virus replication cycle,51395,ACE2:SPIKE complex,Complex,HGNC/,13557/,ACE2/
317,Virus replication cycle,51414,ACE2:SPIKE complex,Complex,HGNC/,13557/,ACE2/
317,Virus replication cycle,51448,ACE2:SPIKE complex,Complex,HGNC/,13557/,ACE2/
318,RTC and transcription,51473,CoV polymerase complex,Complex,,,
318,RTC and transcription,51474,nsp12,Protein,,,
318,RTC and transcription,51475,nsp10,Protein,,,
318,RTC and transcription,51476,nsp14,Protein,,,
318,RTC and transcription,51477,Replication transcription complex ,Complex,,,
318,RTC and transcription,51478,CoV polymerase complex,Complex,,,
318,RTC and transcription,51479,nsp14,Protein,,,
318,RTC and transcription,51480,nsp10,Protein,,,
318,RTC and transcription,51481,nsp12,Protein,,,
318,RTC and transcription,51482,(+)sRNA,Gene,,,
318,RTC and transcription,51483,nsp9,Protein,,,
318,RTC and transcription,51484, ,Complex,,,
318,RTC and transcription,51485,nsp7,Protein,,,
318,RTC and transcription,51486,nsp8 (II),Protein,,,
318,RTC and transcription,51487,nsp8 (I),Protein,,,
318,RTC and transcription,51488, ,Complex,,,
318,RTC and transcription,51489,nsp7,Protein,,,
318,RTC and transcription,51490,nsp8 (II),Protein,,,
318,RTC and transcription,51491,nsp8 (I),Protein,,,
318,RTC and transcription,51492,Replication transcription complex ,Complex,,,
318,RTC and transcription,51493,CoV polymerase complex,Complex,,,
318,RTC and transcription,51494,nsp10,Protein,,,
318,RTC and transcription,51495,nsp12,Protein,,,
318,RTC and transcription,51496,nsp14,Protein,,,
318,RTC and transcription,51497, ,Complex,,,
318,RTC and transcription,51498,nsp7,Protein,,,
318,RTC and transcription,51499,nsp8 (II),Protein,,,
318,RTC and transcription,51500,nsp8 (I),Protein,,,
318,RTC and transcription,51501,nsp9,Protein,,,
318,RTC and transcription,51502,(+)sRNA,Gene,,,
318,RTC and transcription,51503,(-)sRNA,Gene,,,
318,RTC and transcription,51504,(+)sRNA,Gene,,,
318,RTC and transcription,51505,nsp9,Protein,,,
318,RTC and transcription,51506,(-)sRNA,Gene,,,
318,RTC and transcription,51507,glyph38,Degraded,,,
318,RTC and transcription,51508,nsp7,Protein,,,
318,RTC and transcription,51509,nsp8 (I),Protein,,,
318,RTC and transcription,51510,nsp8 (II),Protein,,,
319,E protein interactions,51512,cytoplasm,Compartment,GO,GO:0005737,cytoplasm
319,E protein interactions,51513,nucleus,Compartment,GO,GO:0005634,nucleus
319,E protein interactions,51516,H2A,Protein,HGNC,4738,H2AC20
319,E protein interactions,51520,JQ1,Protein,CHEBI,CHEBI:95080,JQ1
319,E protein interactions,51524,histone,Complex,FPLX,Histone,Histone
319,E protein interactions,51532,H2A,Protein,HGNC,4738,H2AC20
319,E protein interactions,51533,histone,Complex,FPLX,Histone,Histone
319,E protein interactions,51541,H2A,Protein,HGNC,4738,H2AC20
319,E protein interactions,51545,E,Protein,UNIPROT,P0DTC4,E
319,E protein interactions,51547,E,Protein,UNIPROT,P0DTC4,E
320,HMOX1 pathway,51554,Cytosol,Compartment,GO,GO:0005829,cytosol
320,HMOX1 pathway,51572,Orf3a,Protein,UNIPROT,P0DTC3,Orf3a
320,HMOX1 pathway,51575,DIPY,Simple molecule,,,
320,HMOX1 pathway,51580,Endosome Lumen,Compartment,GO,GO:0031904,endosome lumen
320,HMOX1 pathway,51597,NRF2,Degraded,HGNC,7782,NFE2L2
320,HMOX1 pathway,51660,Ferritin,Degraded,CHEBI,CHEBI:82594,Ferritin
320,HMOX1 pathway,51665,Orf9c,Protein,,,
320,HMOX1 pathway,51681,ROS,Degraded,HGNC,10261,ROS1
320,HMOX1 pathway,51683,Mitochondrion,Compartment,GO,GO:0005739,mitochondrion
320,HMOX1 pathway,51690,Mitochondrial Matrix,Compartment,GO,GO:0005759,mitochondrial matrix
320,HMOX1 pathway,51693,PPO,Protein,HGNC,9280,PPOX
320,HMOX1 pathway,51719,Nucleus,Compartment,GO,GO:0005634,nucleus
320,HMOX1 pathway,51734,BACH1/Maf,Complex,HGNC/FPLX,935/MAF,BACH1/MAF
320,HMOX1 pathway,51739,Nrf2/Maf,Complex,HGNC/FPLX,7782/MAF,NFE2L2/MAF
321,Nsp9 interactions,51766,cytoplasm,Compartment,GO,GO:0005737,cytoplasm
321,Nsp9 interactions,51768,mat2bcomp,Complex,,,
321,Nsp9 interactions,51772,NspComp,Complex,,,
321,Nsp9 interactions,51775,Mitochondrion,Compartment,GO,GO:0005739,mitochondrion
321,Nsp9 interactions,51776,AIFM-SPG,Complex,,,
321,Nsp9 interactions,51777,SPG20,Protein,DOID,DOID:0050886,Troyer syndrome
321,Nsp9 interactions,51780,spg20comp,Complex,,,
321,Nsp9 interactions,51782,SPG20,Protein,DOID,DOID:0050886,Troyer syndrome
321,Nsp9 interactions,51783,SPG20,Protein,DOID,DOID:0050886,Troyer syndrome
321,Nsp9 interactions,51786,nek9comp,Complex,,,
321,Nsp9 interactions,51789,EDN1-homo,Complex,,,
321,Nsp9 interactions,51793,nucleus,Compartment,GO,GO:0005634,nucleus
321,Nsp9 interactions,51795,znfcomp,Complex,,,
321,Nsp9 interactions,51799,COPS,Complex,,,
321,Nsp9 interactions,51800,Vpr,Protein,UNIPROT,P05928,P05928
321,Nsp9 interactions,51810,Vpr,Protein,UNIPROT,P05928,P05928
321,Nsp9 interactions,51813,EDN1-homo,Complex,,,
321,Nsp9 interactions,51816,mibcomp,Complex,,,
321,Nsp9 interactions,51821,gtfrnapoly,Complex,,,
321,Nsp9 interactions,51828,Nuclear Pore comp,Complex,,,
321,Nsp9 interactions,51829,nup,Complex,,,
321,Nsp9 interactions,51833,nup2,Complex,,,
321,Nsp9 interactions,51839,nup2,Complex,,,
321,Nsp9 interactions,51842,gtf2f2comp,Complex,,,
321,Nsp9 interactions,51845,EDN1-homo,Complex,,,
321,Nsp9 interactions,51851,Nuclear Pore,Complex,GO,GO:0005643,nuclear pore
321,Nsp9 interactions,51852,nup2,Complex,,,
321,Nsp9 interactions,51855,nup,Complex,,,
321,Nsp9 interactions,51863,nup1,Complex,,,
321,Nsp9 interactions,51871,TAT-HIV,Complex,,,
321,Nsp9 interactions,51875,NEKs,Complex,,,
321,Nsp9 interactions,51879,COPS,Complex,,,
321,Nsp9 interactions,51887,dcafcomp,Complex,,,
321,Nsp9 interactions,51892,EDN1-homo,Complex,,,
321,Nsp9 interactions,51897,eifcomp,Complex,,,
321,Nsp9 interactions,51902,EDN1-homo,Complex,,,
321,Nsp9 interactions,51907,dcafznf,Complex,,,
321,Nsp9 interactions,51912,spartcomp,Complex,,,
321,Nsp9 interactions,51916,ER,Compartment,FPLX,ESR,ESR
321,Nsp9 interactions,51917,EDN1-homo,Complex,,,
321,Nsp9 interactions,51921,EDN1-homo,Complex,,,
321,Nsp9 interactions,51924,Fibrillincomp,Complex,,,
321,Nsp9 interactions,51929,Fibrillin,Complex,MESH,D000071837,Fibrillins
321,Nsp9 interactions,51933,EDN1-homo,Complex,,,
322,HCoVs ER stress (WP4869),51937,splicing,Compartment,,,
322,HCoVs ER stress (WP4869),51941,dece6,Complex,,,
322,HCoVs ER stress (WP4869),51944,4a,Protein,,,
322,HCoVs ER stress (WP4869),51945,XBP1U mRNA,Unknown,,,
322,HCoVs ER stress (WP4869),51947,unfolded protein,Complex,,,
322,HCoVs ER stress (WP4869),51949,XBP1S mRNA,Unknown,,,
322,HCoVs ER stress (WP4869),51950,ER-associated mRNA,Unknown,,,
322,HCoVs ER stress (WP4869),51953,unfolded proteins,Complex,,,
322,HCoVs ER stress (WP4869),51955,MHV infection,Unknown,,,
322,HCoVs ER stress (WP4869),51956,,Compartment,,,
322,HCoVs ER stress (WP4869),51959,ad5b3,Complex,,,
322,HCoVs ER stress (WP4869),51960,8b,Protein,HGNC,17089,SYNE1
322,HCoVs ER stress (WP4869),51961,8a,Protein,,,
322,HCoVs ER stress (WP4869),51962,b5636,Complex,,,
322,HCoVs ER stress (WP4869),51964,PP1,Gene,FPLX,PPP1,PPP1
322,HCoVs ER stress (WP4869),51968,e5c75,Complex,,,
322,HCoVs ER stress (WP4869),51971,Nucleus,Compartment,GO,GO:0005634,nucleus
322,HCoVs ER stress (WP4869),51972,"UPRE/ERSE (Unfolded protein response element,  ER stress response element)",Unknown,,,
322,HCoVs ER stress (WP4869),51973,CRE  (cAMP response element),Unknown,,,
322,HCoVs ER stress (WP4869),51974,a2977,Complex,,,
322,HCoVs ER stress (WP4869),52002,PP1,Unknown,FPLX,PPP1,PPP1
322,HCoVs ER stress (WP4869),52008,C/EBP,Unknown,FPLX,CEBP,CEBP
322,HCoVs ER stress (WP4869),52009,ERSE/ERSE-II (ER stress response element),Unknown,,,
322,HCoVs ER stress (WP4869),52010,"SARS, OC43 MHV, IBV  infection",Unknown,,,
322,HCoVs ER stress (WP4869),52011,nsp15,Protein,,,
322,HCoVs ER stress (WP4869),52013,de973,Complex,,,
322,HCoVs ER stress (WP4869),52020,global protein translation,Unknown,,,
322,HCoVs ER stress (WP4869),52021,unfolded proteins,Complex,,,
322,HCoVs ER stress (WP4869),52023,dddc3,Complex,,,
322,HCoVs ER stress (WP4869),52027,d5313,Complex,,,
322,HCoVs ER stress (WP4869),52030,double stranded RNA,Unknown,CHEBI,CHEBI:67208,double-stranded RNA
322,HCoVs ER stress (WP4869),52031,IRE1 (ERN1)dependent  mRNA decay,Unknown,,,
322,HCoVs ER stress (WP4869),52033,"SARS, IBV infection",Unknown,,,
322,HCoVs ER stress (WP4869),52034,"S(MHV, IBV), OC43 infection",Unknown,,,
322,HCoVs ER stress (WP4869),53290,Virus type/species Ubiquitination Phosphorylation,Pathway,,,
322,HCoVs ER stress (WP4869),53291,ER protein chaperones Lipid biosynthesis ER-associated degradation...,Pathway,,,
322,HCoVs ER stress (WP4869),53292,"SARS, 229E, MHV",Pathway,,,
322,HCoVs ER stress (WP4869),53293,Prosurvival genes (Bcl2...),Pathway,,,
322,HCoVs ER stress (WP4869),53294,Cytosolic,Pathway,,,
322,HCoVs ER stress (WP4869),53295,ER luminal,Pathway,,,
322,HCoVs ER stress (WP4869),53296,,Pathway,,,
322,HCoVs ER stress (WP4869),53297,S,Pathway,UNIPROT,P0DTC2,Spike
322,HCoVs ER stress (WP4869),53298,ER protein chaperones ..,Pathway,,,
322,HCoVs ER stress (WP4869),53299,U,Pathway,CHEBI,CHEBI:17568,uracil
322,HCoVs ER stress (WP4869),53300,virus protein,Pathway,,,
322,HCoVs ER stress (WP4869),53301,MERS,Pathway,MESH,D065207,MERS
322,HCoVs ER stress (WP4869),53302,dephosphorylate,Pathway,,,
322,HCoVs ER stress (WP4869),53303,U,Pathway,CHEBI,CHEBI:17568,uracil
322,HCoVs ER stress (WP4869),53304,SARS,Pathway,MESH,D045169,SARS
322,HCoVs ER stress (WP4869),53305,MERS,Pathway,MESH,D065207,MERS
322,HCoVs ER stress (WP4869),53306,SARS,Pathway,MESH,D045169,SARS
322,HCoVs ER stress (WP4869),53307,unfolded proteins,Pathway,,,
322,HCoVs ER stress (WP4869),53308,Amino acid synthesis Antioxidant response Apoptosis ...,Pathway,,,
322,HCoVs ER stress (WP4869),53309,DNA,Pathway,CHEBI,CHEBI:16991,deoxyribonucleic acid
323,Nsp4 and Nsp6 interactions,52036,cytoplasm,Compartment,GO,GO:0005737,cytoplasm
323,Nsp4 and Nsp6 interactions,52037,sa2_degraded,Degraded,,,
323,Nsp4 and Nsp6 interactions,52038,DMV,Compartment,,,
323,Nsp4 and Nsp6 interactions,52051,Bafilomycin A1,Drug,CHEBI,CHEBI:22689,bafilomycin A1
323,Nsp4 and Nsp6 interactions,52053,sa169_degraded,Degraded,,,
323,Nsp4 and Nsp6 interactions,52056,endosome,Compartment,GO,GO:0005768,endosome
323,Nsp4 and Nsp6 interactions,52058,V1,Complex,HGNC,15667,MTPN
323,Nsp4 and Nsp6 interactions,52059,V0,Complex,,,
323,Nsp4 and Nsp6 interactions,52062,V0,Complex,,,
323,Nsp4 and Nsp6 interactions,52063,V1,Complex,HGNC,15667,MTPN
323,Nsp4 and Nsp6 interactions,52066,P1,Complex,HGNC,10880,PMEL
323,Nsp4 and Nsp6 interactions,52067,sa3_degraded,Degraded,,,
323,Nsp4 and Nsp6 interactions,52068,Several drugs,Drug,,,
323,Nsp4 and Nsp6 interactions,52070,P-ATPase:Nsp6,Complex,/UNIPROT,/P0DTC1,/Nsp6
323,Nsp4 and Nsp6 interactions,52071,P1,Complex,HGNC,10880,PMEL
323,Nsp4 and Nsp6 interactions,52072,P0,Complex,HGNC,10371,RPLP0
323,Nsp4 and Nsp6 interactions,52075,nucleus,Compartment,GO,GO:0005634,nucleus
323,Nsp4 and Nsp6 interactions,52087,P-ATPase,Complex,,,
323,Nsp4 and Nsp6 interactions,52088,P1,Complex,HGNC,10880,PMEL
323,Nsp4 and Nsp6 interactions,52089,P0,Complex,HGNC,10371,RPLP0
323,Nsp4 and Nsp6 interactions,52092,sa5_degraded,Degraded,,,
323,Nsp4 and Nsp6 interactions,52098,sa170_degraded,Degraded,,,
323,Nsp4 and Nsp6 interactions,52100,SLC6A15:Loratadine,Complex,HGNC/CHEBI,13621/CHEBI:6538,SLC6A15/Loratadine
323,Nsp4 and Nsp6 interactions,52103,P-ATPase,Complex,,,
323,Nsp4 and Nsp6 interactions,52104,P0,Complex,HGNC,10371,RPLP0
323,Nsp4 and Nsp6 interactions,52105,P1,Complex,HGNC,10880,PMEL
323,Nsp4 and Nsp6 interactions,52106,sa3_degraded,Degraded,,,
323,Nsp4 and Nsp6 interactions,52118,P0,Complex,HGNC,10371,RPLP0
323,Nsp4 and Nsp6 interactions,52120,ER,Compartment,FPLX,ESR,ESR
323,Nsp4 and Nsp6 interactions,52129,V1 subunit,Complex,,,
323,Nsp4 and Nsp6 interactions,52141,V0 subunit,Complex,,,
323,Nsp4 and Nsp6 interactions,52153,Several drugs,Drug,,,
323,Nsp4 and Nsp6 interactions,52159,V1,Complex,HGNC,15667,MTPN
323,Nsp4 and Nsp6 interactions,52160,V0,Complex,,,
323,Nsp4 and Nsp6 interactions,52172,V1,Complex,HGNC,15667,MTPN
323,Nsp4 and Nsp6 interactions,52173,V0,Complex,,,
323,Nsp4 and Nsp6 interactions,52177,ATP6AP1:Bafilomycin A1,Complex,HGNC/CHEBI,868/CHEBI:22689,ATP6AP1/bafilomycin A1
323,Nsp4 and Nsp6 interactions,52178,Bafilomycin A1,Drug,CHEBI,CHEBI:22689,bafilomycin A1
323,Nsp4 and Nsp6 interactions,52180,sa5_degraded,Degraded,,,
323,Nsp4 and Nsp6 interactions,52181,sa2_degraded,Degraded,,,
323,Nsp4 and Nsp6 interactions,52186,sa171_degraded,Degraded,,,
323,Nsp4 and Nsp6 interactions,52187,OMM,Compartment,,,
323,Nsp4 and Nsp6 interactions,52188,TOM complex,Complex,GO,GO:0005742,mitochondrial outer membrane translocase complex
323,Nsp4 and Nsp6 interactions,52196,IMM,Compartment,,,
323,Nsp4 and Nsp6 interactions,52198,F1,Complex,EFO,0007032,F1
323,Nsp4 and Nsp6 interactions,52199,F0,Complex,,,
323,Nsp4 and Nsp6 interactions,52202,F0,Complex,,,
323,Nsp4 and Nsp6 interactions,52203,F1,Complex,EFO,0007032,F1
323,Nsp4 and Nsp6 interactions,52211,F0,Complex,,,
323,Nsp4 and Nsp6 interactions,52212,TIM complex,Complex,,,
323,Nsp4 and Nsp6 interactions,52221,F1,Complex,EFO,0007032,F1
323,Nsp4 and Nsp6 interactions,52224,F-ATPase:Nsp6,Complex,/UNIPROT,/P0DTC1,/Nsp6
323,Nsp4 and Nsp6 interactions,52225,F0,Complex,,,
323,Nsp4 and Nsp6 interactions,52226,F1,Complex,EFO,0007032,F1
323,Nsp4 and Nsp6 interactions,52230,Nsp4_IDE,Complex,UNIPROT/HGNC,P0DTC1/5381,Nsp4/IDE
323,Nsp4 and Nsp6 interactions,52233,lysosome,Compartment,GO,GO:0005764,lysosome
324,JNK pathway,52235,Cytoplasm,Compartment,GO,GO:0005737,cytoplasm
324,JNK pathway,52238,MEKK1/4,Complex,GO/,GO:0004709/,MAP kinase kinase kinase activity/
324,JNK pathway,52241,Mitochondria,Compartment,GO,GO:0005739,mitochondrion
324,JNK pathway,52244,Nucleus,Compartment,GO,GO:0005634,nucleus
324,JNK pathway,52245,AP-1,Complex,FPLX,AP1,AP1
324,JNK pathway,52248,MLK1/2/3,Complex,HGNC//,6861//,MAP3K9//
324,JNK pathway,52253,JNK,Complex,FPLX,JNK,JNK
324,JNK pathway,52257,Phenotype,Compartment,MESH,D010641,Phenotype
324,JNK pathway,52258,Autophagy,Phenotype,GO,GO:0006914,autophagy
324,JNK pathway,52259,Innate Immunity,Phenotype,GO,GO:0045087,innate immune response
324,JNK pathway,52260,Apoptosis,Phenotype,GO,GO:0006915,apoptotic process
324,JNK pathway,52261,TP53 signaling pathway,Unknown,GO,GO:0030330,"DNA damage response, signal transduction by p53 class mediator"
324,JNK pathway,52262,SARS-CoV-1 proteins,Complex,,,
324,JNK pathway,52263,S protein,Protein,UNIPROT,P0DTC2,S protein
324,JNK pathway,52264,N protein,Protein,,,
324,JNK pathway,52265,"SARS S, N, 3a, 3b, 6, 7a",Protein,,,
325,Apoptosis,52267,Extracellular space,Compartment,GO,GO:0005615,extracellular space
325,Apoptosis,52268,Plasma membrane,Compartment,GO,GO:0005886,plasma membrane
325,Apoptosis,52270,TNF/TNFRSF1A,Complex,HGNC/HGNC,11892/11916,TNF/TNFRSF1A
325,Apoptosis,52273,FAS/FASL,Complex,HGNC/HGNC,11920/11936,FAS/FASLG
325,Apoptosis,52279,Cytoplasm,Compartment,GO,GO:0005737,cytoplasm
325,Apoptosis,52280,N,Protein,UNIPROT,P0DTC9,N
325,Apoptosis,52282,E,Protein,UNIPROT,P0DTC4,E
325,Apoptosis,52284,TRADD/FADD,Complex,HGNC/HGNC,12030/3573,TRADD/FADD
325,Apoptosis,52288,BAD/BBC3/BCL2L11,Complex,HGNC/HGNC/HGNC,936/17868/994,BAD/BBC3/BCL2L11
325,Apoptosis,52294,BAD/BBC3/BCL2L11,Complex,HGNC/HGNC/HGNC,936/17868/994,BAD/BBC3/BCL2L11
325,Apoptosis,52299,Orf7a,Protein,UNIPROT,P0DTC7,Orf7a
325,Apoptosis,52300,Orf8a,Protein,,,
325,Apoptosis,52301,Orf9b,Protein,UNIPROT,P0DTD2,Orf9b
325,Apoptosis,52303,Orf3a,Protein,UNIPROT,P0DTC3,Orf3a
325,Apoptosis,52306,Orf3b,Protein,,,
325,Apoptosis,52309,Mitochondrion,Compartment,GO,GO:0005739,mitochondrion
325,Apoptosis,52313,Apoptosome,Complex,GO,GO:0043293,apoptosome
325,Apoptosis,52318,BCL2/MCL1/BCL2L1,Complex,HGNC/HGNC/HGNC,990/6943/992,BCL2/MCL1/BCL2L1
325,Apoptosis,52326,S,Protein,UNIPROT,P0DTC2,Spike
325,Apoptosis,52331,Orf6,Protein,UNIPROT,P0DTC6,Orf6
325,Apoptosis,52332,M,Protein,UNIPROT,P0DTC5,M
325,Apoptosis,52335,BCL2/MCL1/BCL2L1,Complex,HGNC/HGNC/HGNC,990/6943/992,BCL2/MCL1/BCL2L1
326,Nsp14 and metabolism,52341,cytosol,Compartment,GO,GO:0005829,cytosol
326,Nsp14 and metabolism,52381,Nucleoside diphosphate kinase,Complex,MESH,D009701,Nucleoside-Diphosphate Kinase
326,Nsp14 and metabolism,52392,AMDP2,Protein,,,
326,Nsp14 and metabolism,52427,GLA:Nsp14,Complex,HGNC/UNIPROT,4296/P0DTD1,GLA/Nsp14
326,Nsp14 and metabolism,52457,NRK1,Protein,HGNC,26057,NMRK1
326,Nsp14 and metabolism,52508,ribonucleoside reductase,Complex,,,
326,Nsp14 and metabolism,52532,ribonucleoside reductase,Complex,,,
326,Nsp14 and metabolism,52575,IMPDH2:Nsp14,Complex,HGNC/UNIPROT,6053/P0DTD1,IMPDH2/Nsp14
326,Nsp14 and metabolism,52587,Nucleoside diphosphate kinase,Complex,MESH,D009701,Nucleoside-Diphosphate Kinase
326,Nsp14 and metabolism,52598,Mitochondria,Compartment,GO,GO:0005739,mitochondrion
326,Nsp14 and metabolism,52600,Urea cycle,Phenotype,GO,GO:0000050,urea cycle
326,Nsp14 and metabolism,52603,SIRT5:Nsp14,Complex,HGNC/UNIPROT,14933/P0DTD1,SIRT5/Nsp14
326,Nsp14 and metabolism,52622,NAPRT1,Protein,HGNC,30450,NAPRT
326,Nsp14 and metabolism,52631,lactose synthetase,Complex,MESH,D007788,Lactose Synthase
327,Linoleic acid metabolism,52713,,Compartment,,,
327,Linoleic acid metabolism,52715,ca1c3,Complex,,,
327,Linoleic acid metabolism,52716,LysPE 16:0,Simple molecule,,,
327,Linoleic acid metabolism,52717,LysoPC16:0,Simple molecule,,,
327,Linoleic acid metabolism,52718,bishomo-gamma-linolenic acid,Simple molecule,,,
328,Orf10 Cul2 pathway,52727,Cul2 ubiquitin ligase:N8:Orf10,Complex,//UNIPROT,//A0A663DJA2,//Orf10
328,Orf10 Cul2 pathway,52733,Orf10,Protein,UNIPROT,A0A663DJA2,Orf10
328,Orf10 Cul2 pathway,52736,Cul2 ubiquitin ligase:substrate,Complex,/EFO,/0005061,/substrate
328,Orf10 Cul2 pathway,52741,substrate,Protein,EFO,0005061,substrate
328,Orf10 Cul2 pathway,52743,degradation,Degraded,GO,GO:0009056,catabolic process
328,Orf10 Cul2 pathway,52744,Cul2 ubiquitin ligase:N8,Complex,/,/,/
328,Orf10 Cul2 pathway,52751,degradation,Degraded,GO,GO:0009056,catabolic process
328,Orf10 Cul2 pathway,52752,degradation,Degraded,GO,GO:0009056,catabolic process
328,Orf10 Cul2 pathway,52753,NAE:Pevonedistat,Complex,/CHEBI,/CHEBI:145535,/pevonedistat
328,Orf10 Cul2 pathway,52756,Pevonedistat,Drug,CHEBI,CHEBI:145535,pevonedistat
328,Orf10 Cul2 pathway,52757,Cul2 ubiquitin ligase:N8:Orf10:substrate,Complex,//UNIPROT/EFO,//A0A663DJA2/0005061,//Orf10/substrate
328,Orf10 Cul2 pathway,52763,substrate,Protein,EFO,0005061,substrate
328,Orf10 Cul2 pathway,52765,Orf10,Protein,UNIPROT,A0A663DJA2,Orf10
328,Orf10 Cul2 pathway,52766,Cul2 ubiquitin ligase:N8:E2:substrate,Complex,//FPLX/EFO,//UBE2/0005061,//UBE2/substrate
328,Orf10 Cul2 pathway,52771,substrate,Protein,EFO,0005061,substrate
328,Orf10 Cul2 pathway,52773,E2,Protein,FPLX,UBE2,UBE2
328,Orf10 Cul2 pathway,52775,Cul2 ubiquitin ligase:N8:Orf10:substrate-Ub,Complex,//UNIPROT/,//A0A663DJA2/,//Orf10/
328,Orf10 Cul2 pathway,52780,substrate,Protein,EFO,0005061,substrate
328,Orf10 Cul2 pathway,52782,Orf10,Protein,UNIPROT,A0A663DJA2,Orf10
328,Orf10 Cul2 pathway,52784,Cul2 ubiquitin ligase:Orf10,Complex,/UNIPROT,/A0A663DJA2,/Orf10
328,Orf10 Cul2 pathway,52789,Orf10,Protein,UNIPROT,A0A663DJA2,Orf10
328,Orf10 Cul2 pathway,52791,Cul2 ubiquitin ligase:Orf10:substrate,Complex,/UNIPROT/EFO,/A0A663DJA2/0005061,/Orf10/substrate
328,Orf10 Cul2 pathway,52796,substrate,Protein,EFO,0005061,substrate
328,Orf10 Cul2 pathway,52797,Orf10,Protein,UNIPROT,A0A663DJA2,Orf10
328,Orf10 Cul2 pathway,52799,Cul2 ubiquitin ligase:N8:substrate-Ub,Complex,//,//,//
328,Orf10 Cul2 pathway,52805,substrate,Protein,EFO,0005061,substrate
328,Orf10 Cul2 pathway,52807,degradation,Degraded,GO,GO:0009056,catabolic process
328,Orf10 Cul2 pathway,52808,Zyg11B:EloBC,Complex,HGNC/,25820/,ZYG11B/
328,Orf10 Cul2 pathway,52812,degradation,Degraded,GO,GO:0009056,catabolic process
328,Orf10 Cul2 pathway,52813,degradation,Degraded,GO,GO:0009056,catabolic process
328,Orf10 Cul2 pathway,52814,Cul2 ubiquitin ligase,Complex,,,
328,Orf10 Cul2 pathway,52820,degradation,Degraded,GO,GO:0009056,catabolic process
328,Orf10 Cul2 pathway,52821,degradation,Degraded,GO,GO:0009056,catabolic process
328,Orf10 Cul2 pathway,52822,CSN5,Complex,HGNC,2240,COPS5
328,Orf10 Cul2 pathway,52823,DUB,Gene,HGNC,21224,ZUP1
328,Orf10 Cul2 pathway,52824,Cul2 ubiquitin ligase:N8:Orf10:0E2:substrate,Complex,//UNIPROT//EFO,//A0A663DJA2//0005061,//Orf10//substrate
328,Orf10 Cul2 pathway,52829,substrate,Protein,EFO,0005061,substrate
328,Orf10 Cul2 pathway,52831,E2,Protein,FPLX,UBE2,UBE2
328,Orf10 Cul2 pathway,52832,Orf10,Protein,UNIPROT,A0A663DJA2,Orf10
328,Orf10 Cul2 pathway,52835,Cul2 ubiquitin ligase:N8:Orf10:E2-Ub:substrate,Complex,//UNIPROT//EFO,//A0A663DJA2//0005061,//Orf10//substrate
328,Orf10 Cul2 pathway,52841,substrate,Protein,EFO,0005061,substrate
328,Orf10 Cul2 pathway,52843,E2,Protein,FPLX,UBE2,UBE2
328,Orf10 Cul2 pathway,52844,Orf10,Protein,UNIPROT,A0A663DJA2,Orf10
328,Orf10 Cul2 pathway,52845,Orf10,Gene,UNIPROT,A0A663DJA2,Orf10
328,Orf10 Cul2 pathway,52846,EloBC,Complex,,,
328,Orf10 Cul2 pathway,52849,Cul2 ubiquitin ligase:N8:E2:substrate-Ub,Complex,//FPLX/,//UBE2/,//UBE2/
328,Orf10 Cul2 pathway,52854,substrate,Protein,EFO,0005061,substrate
328,Orf10 Cul2 pathway,52856,E2,Protein,FPLX,UBE2,UBE2
328,Orf10 Cul2 pathway,52858,Cul2 ubiquitin ligase:N8:Orf10:E2:substrate-Ub,Complex,//UNIPROT/FPLX/,//A0A663DJA2/UBE2/,//Orf10/UBE2/
328,Orf10 Cul2 pathway,52864,substrate,Protein,EFO,0005061,substrate
328,Orf10 Cul2 pathway,52866,Orf10,Protein,UNIPROT,A0A663DJA2,Orf10
328,Orf10 Cul2 pathway,52867,E2,Protein,FPLX,UBE2,UBE2
328,Orf10 Cul2 pathway,52868,NAE,Complex,,,
328,Orf10 Cul2 pathway,52871,degradation,Degraded,GO,GO:0009056,catabolic process
328,Orf10 Cul2 pathway,52874,degradation,Degraded,GO,GO:0009056,catabolic process
328,Orf10 Cul2 pathway,52876,Cul2 ubiquitin ligase:N8:E2-Ub:substrate,Complex,///EFO,///0005061,///substrate
328,Orf10 Cul2 pathway,52882,substrate,Protein,EFO,0005061,substrate
328,Orf10 Cul2 pathway,52883,E2,Protein,FPLX,UBE2,UBE2
328,Orf10 Cul2 pathway,52886,degradation,Degraded,GO,GO:0009056,catabolic process
328,Orf10 Cul2 pathway,52887,DUB,RNA,HGNC,21224,ZUP1
328,Orf10 Cul2 pathway,52888,E2,Protein,FPLX,UBE2,UBE2
328,Orf10 Cul2 pathway,52889,degradation,Degraded,GO,GO:0009056,catabolic process
328,Orf10 Cul2 pathway,52890,E2,Protein,FPLX,UBE2,UBE2
328,Orf10 Cul2 pathway,52893,Cul2 ubiquitin ligase:substrate,Complex,/EFO,/0005061,/substrate
328,Orf10 Cul2 pathway,52898,substrate,Protein,EFO,0005061,substrate
328,Orf10 Cul2 pathway,52902,degradation,Degraded,GO,GO:0009056,catabolic process
328,Orf10 Cul2 pathway,52904,Ubc12,Gene,HGNC,12491,UBE2M
328,Orf10 Cul2 pathway,52905,Ubc12:NEDD8,Complex,HGNC/HGNC,12491/7732,UBE2M/NEDD8
328,Orf10 Cul2 pathway,52906,Ubc12,Protein,HGNC,12491,UBE2M
328,Orf10 Cul2 pathway,52908,degradation,Degraded,GO,GO:0009056,catabolic process
328,Orf10 Cul2 pathway,52911,NAE:NEDD8,Complex,/HGNC,/7732,/NEDD8
328,Orf10 Cul2 pathway,52915,degradation,Degraded,GO,GO:0009056,catabolic process
328,Orf10 Cul2 pathway,52916,Orf10,RNA,UNIPROT,A0A663DJA2,Orf10
328,Orf10 Cul2 pathway,52917,degradation,Degraded,GO,GO:0009056,catabolic process
328,Orf10 Cul2 pathway,52918,E1,Protein,HGNC,10115,SNORA73A
328,Orf10 Cul2 pathway,52919,Ubc12,RNA,HGNC,12491,UBE2M
328,Orf10 Cul2 pathway,52920,degradation,Degraded,GO,GO:0009056,catabolic process
328,Orf10 Cul2 pathway,52922,Pevonedistat,Drug,CHEBI,CHEBI:145535,pevonedistat
328,Orf10 Cul2 pathway,52924,E2,Gene,FPLX,UBE2,UBE2
328,Orf10 Cul2 pathway,52925,degradation,Degraded,GO,GO:0009056,catabolic process
328,Orf10 Cul2 pathway,52926,degradation,Degraded,GO,GO:0009056,catabolic process
328,Orf10 Cul2 pathway,52928,Rbx1:Cul2,Complex,HGNC/HGNC,9928/2552,RBX1/CUL2
328,Orf10 Cul2 pathway,52931,degradation,Degraded,GO,GO:0009056,catabolic process
328,Orf10 Cul2 pathway,52932,E2,RNA,FPLX,UBE2,UBE2
328,Orf10 Cul2 pathway,52933,E1,RNA,HGNC,10115,SNORA73A
328,Orf10 Cul2 pathway,52935,Orf10,Protein,UNIPROT,A0A663DJA2,Orf10
328,Orf10 Cul2 pathway,52936,degradation,Degraded,GO,GO:0009056,catabolic process
328,Orf10 Cul2 pathway,52937,substrate,Protein,EFO,0005061,substrate
328,Orf10 Cul2 pathway,52938,degradation,Degraded,GO,GO:0009056,catabolic process
328,Orf10 Cul2 pathway,52940,substrate,Protein,EFO,0005061,substrate
328,Orf10 Cul2 pathway,52941,degradation,Degraded,GO,GO:0009056,catabolic process
328,Orf10 Cul2 pathway,52942,degradation,Degraded,GO,GO:0009056,catabolic process
328,Orf10 Cul2 pathway,52944,Ubc12,Protein,HGNC,12491,UBE2M
328,Orf10 Cul2 pathway,52945,DUB,Protein,HGNC,21224,ZUP1
328,Orf10 Cul2 pathway,52948,Ub,Simple molecule,FPLX,Ubiquitin,Ubiquitin
328,Orf10 Cul2 pathway,52949,degradation,Degraded,GO,GO:0009056,catabolic process
328,Orf10 Cul2 pathway,52951,degradation,Degraded,GO,GO:0009056,catabolic process
328,Orf10 Cul2 pathway,52952,26S-proteasom,Complex,,,
328,Orf10 Cul2 pathway,52953,degradation,Degraded,GO,GO:0009056,catabolic process
328,Orf10 Cul2 pathway,52958,degradation,Degraded,GO,GO:0009056,catabolic process
328,Orf10 Cul2 pathway,52959,degradation,Degraded,GO,GO:0009056,catabolic process
328,Orf10 Cul2 pathway,52960,substrate,Protein,EFO,0005061,substrate
328,Orf10 Cul2 pathway,52961,E1,Gene,HGNC,10115,SNORA73A
328,Orf10 Cul2 pathway,52964,E1,Protein,HGNC,10115,SNORA73A
329,ACE2-Spike-drugs,52966,angiotensin I-9,Simple molecule,,,
329,ACE2-Spike-drugs,52967,angiotensin I-7,Simple molecule,,,
329,ACE2-Spike-drugs,52970,Lisinopril,Drug,CHEBI,CHEBI:43755,lisinopril
329,ACE2-Spike-drugs,52972,Lisinopril,Drug,CHEBI,CHEBI:43755,lisinopril
329,ACE2-Spike-drugs,52974,SPIKE,Protein,UNIPROT,P0DTC2,Spike
329,ACE2-Spike-drugs,52976,losartan,Drug,CHEBI,CHEBI:6541,losartan
329,ACE2-Spike-drugs,52980,CGP42112A,Drug,CHEBI,CHEBI:147302,CGP-42112A
329,ACE2-Spike-drugs,52981,blood pressure,Phenotype,MESH,D001794,Blood Pressure
330,HCoVs Type I Ifn signaling (WP4868),52987,AP-1,Compartment,FPLX,AP1,AP1
330,HCoVs Type I Ifn signaling (WP4868),52988,c82e3,Complex,,,
330,HCoVs Type I Ifn signaling (WP4868),52993,Innate Immunity,Phenotype,GO,GO:0045087,innate immune response
330,HCoVs Type I Ifn signaling (WP4868),52994,Nucleus,Compartment,GO,GO:0005634,nucleus
330,HCoVs Type I Ifn signaling (WP4868),52995,ISRE AP-1 NFkB,Complex,,,
330,HCoVs Type I Ifn signaling (WP4868),52996,ISRE,Complex,,,
330,HCoVs Type I Ifn signaling (WP4868),52997,INF-I,Protein,,,
330,HCoVs Type I Ifn signaling (WP4868),52998,ISGs,Protein,,,
330,HCoVs Type I Ifn signaling (WP4868),52999,e2203,Complex,,,
330,HCoVs Type I Ifn signaling (WP4868),53002,f5415,Complex,,,
330,HCoVs Type I Ifn signaling (WP4868),53008,INF-I,Protein,,,
330,HCoVs Type I Ifn signaling (WP4868),53009,fc0ce,Complex,,,
330,HCoVs Type I Ifn signaling (WP4868),53013,b8407,Complex,,,
330,HCoVs Type I Ifn signaling (WP4868),53016,d46a8,Complex,,,
330,HCoVs Type I Ifn signaling (WP4868),53023,dd322,Complex,,,
330,HCoVs Type I Ifn signaling (WP4868),53028,ebc96,Complex,,,
330,HCoVs Type I Ifn signaling (WP4868),53032,bc0e3,Complex,,,
330,HCoVs Type I Ifn signaling (WP4868),53037,INF-I,Protein,,,
330,HCoVs Type I Ifn signaling (WP4868),53310,virus protein,Pathway,,,
331,SARS-CoV-2 NLRP3 Inflammasome (WP4876),53040,f1f54,Complex,,,
331,SARS-CoV-2 NLRP3 Inflammasome (WP4876),53044,b6589,Complex,,,
331,SARS-CoV-2 NLRP3 Inflammasome (WP4876),53047,d72a0,Complex,,,
331,SARS-CoV-2 NLRP3 Inflammasome (WP4876),53050,Nucleus,Compartment,GO,GO:0005634,nucleus
331,SARS-CoV-2 NLRP3 Inflammasome (WP4876),53311,IL1B,Pathway,HGNC,5992,IL1B
331,SARS-CoV-2 NLRP3 Inflammasome (WP4876),53312,Cytokine Storm,Pathway,,,
332,Pyrimidine deprivation,53057,Pulmonary endothelial cell,Compartment,,,
332,Pyrimidine deprivation,53058,Mitochondria,Compartment,GO,GO:0005739,mitochondrion
332,Pyrimidine deprivation,53061,dihydroorotate dehydrogenase holoenzyme,Simple molecule,,,
332,Pyrimidine deprivation,53069,Endolysozome,Compartment,,,
332,Pyrimidine deprivation,53070,STING:TBK1,Complex,HGNC/HGNC,27962/11584,STING1/TBK1
332,Pyrimidine deprivation,53072,STING,Protein,HGNC,27962,STING1
332,Pyrimidine deprivation,53073,NF-kB,Complex,FPLX,NFkappaB,NFkappaB
332,Pyrimidine deprivation,53074,p65,Protein,HGNC,9955,RELA
332,Pyrimidine deprivation,53075,p50,Protein,HGNC,7794,NFKB1
332,Pyrimidine deprivation,53080,dCMP deaminase,Protein,HGNC,2710,DCTD
332,Pyrimidine deprivation,53081,TK,Protein,HGNC,11834,TKT
332,Pyrimidine deprivation,53084,Pi_space,Simple molecule,,,
332,Pyrimidine deprivation,53085,virus replication,Phenotype,MESH,D014779,Virus Replication
332,Pyrimidine deprivation,53086,UCK,Protein,,,
332,Pyrimidine deprivation,53088,H+_space,Simple molecule,,,
332,Pyrimidine deprivation,53090,cGAS:dsDNA,Complex,HGNC/,21367/,CGAS/
332,Pyrimidine deprivation,53092,dsDNA,Simple molecule,,,
332,Pyrimidine deprivation,53094,Teriflunomide,Drug,CHEBI,CHEBI:68540,teriflunomide
332,Pyrimidine deprivation,53096,orotidine 5'-monophosphate,Simple molecule,,,
332,Pyrimidine deprivation,53097,P1788,Simple molecule,,,
332,Pyrimidine deprivation,53099,DNA,Gene,CHEBI,CHEBI:16991,deoxyribonucleic acid
332,Pyrimidine deprivation,53100,HCO3_minus,Simple molecule,,,
332,Pyrimidine deprivation,53101,dsDNA,Simple molecule,,,
332,Pyrimidine deprivation,53104,NDPK,Protein,,,
332,Pyrimidine deprivation,53106,induction of cellular immune response,Phenotype,,,
332,Pyrimidine deprivation,53108,NDPK,Protein,,,
332,Pyrimidine deprivation,53109,LC3,Protein,FPLX,MAP1LC3,MAP1LC3
332,Pyrimidine deprivation,53110,L-Asp_space,Simple molecule,,,
332,Pyrimidine deprivation,53111,L-Gln,Simple molecule,,,
332,Pyrimidine deprivation,53113,CMPK,Protein,HGNC,18170,CMPK1
332,Pyrimidine deprivation,53114,Pi_space,Simple molecule,,,
332,Pyrimidine deprivation,53117,cGAMP,Simple molecule,,,
332,Pyrimidine deprivation,53118,Nucleus,Compartment,GO,GO:0005634,nucleus
332,Pyrimidine deprivation,53120,IFNA1 expression complex,Complex,,,
332,Pyrimidine deprivation,53121,NF-kB,Complex,FPLX,NFkappaB,NFkappaB
332,Pyrimidine deprivation,53122,p65,Protein,HGNC,9955,RELA
332,Pyrimidine deprivation,53123,p50,Protein,HGNC,7794,NFKB1
332,Pyrimidine deprivation,53128,cGAS:dsDNA,Complex,HGNC/,21367/,CGAS/
332,Pyrimidine deprivation,53130,dsDNA,Simple molecule,,,
332,Pyrimidine deprivation,53132,MRE11:RAD50:DNA,Complex,HGNC/HGNC/CHEBI,7230/9816/CHEBI:16991,MRE11/RAD50/deoxyribonucleic acid
332,Pyrimidine deprivation,53133,dsDNA,Simple molecule,,,
332,Pyrimidine deprivation,53137,RNR,Protein,GO,GO:0061731,ribonucleoside-diphosphate reductase activity
332,Pyrimidine deprivation,53139,Coat protein complex (COP-II) vesicle,Compartment,,,
332,Pyrimidine deprivation,53140,cGAMP-STING,Complex,,,
332,Pyrimidine deprivation,53141,STING,Protein,HGNC,27962,STING1
332,Pyrimidine deprivation,53142,cGAMP,Simple molecule,,,
332,Pyrimidine deprivation,53143,dCTPase,Protein,,,
332,Pyrimidine deprivation,53144,NF-kB,Complex,FPLX,NFkappaB,NFkappaB
332,Pyrimidine deprivation,53145,p65,Protein,HGNC,9955,RELA
332,Pyrimidine deprivation,53146,p50,Protein,HGNC,7794,NFKB1
332,Pyrimidine deprivation,53149,CAP_space,Simple molecule,,,
332,Pyrimidine deprivation,53152,dUTPase,Protein,HGNC,3078,DUT
332,Pyrimidine deprivation,53158,Endoplamatic reticulum,Compartment,,,
332,Pyrimidine deprivation,53159,cGAMP:STING,Complex,/HGNC,/27962,/STING1
332,Pyrimidine deprivation,53160,STING,Protein,HGNC,27962,STING1
332,Pyrimidine deprivation,53161,cGAMP,Simple molecule,,,
332,Pyrimidine deprivation,53162,STING,Protein,HGNC,27962,STING1
332,Pyrimidine deprivation,53163,MRE11:RAD50:DNA,Complex,HGNC/HGNC/CHEBI,7230/9816/CHEBI:16991,MRE11/RAD50/deoxyribonucleic acid
332,Pyrimidine deprivation,53164,dsDNA,Simple molecule,,,
332,Pyrimidine deprivation,53169,Autophagosome,Compartment,GO,GO:0005776,autophagosome
332,Pyrimidine deprivation,53170,cGAMP:STING:LC3,Complex,/HGNC/FPLX,/27962/MAP1LC3,/STING1/MAP1LC3
332,Pyrimidine deprivation,53171,STING,Protein,HGNC,27962,STING1
332,Pyrimidine deprivation,53172,cGAMP,Simple molecule,,,
332,Pyrimidine deprivation,53173,LC3,Protein,FPLX,MAP1LC3,MAP1LC3
332,Pyrimidine deprivation,53177,CTPS,Protein,HGNC,2519,CTPS1
332,Pyrimidine deprivation,53178,PPi [cytosol],Simple molecule,,,
332,Pyrimidine deprivation,53179,TS,Protein,HGNC,11609,TBXAS1
332,Pyrimidine deprivation,53181,ERGIC (ERGolgi intermed compt),Compartment,,,
332,Pyrimidine deprivation,53182,cGAMP-STING,Complex,,,
332,Pyrimidine deprivation,53183,STING,Protein,HGNC,27962,STING1
332,Pyrimidine deprivation,53184,cGAMP,Simple molecule,,,
332,Pyrimidine deprivation,53185,Perinuclear Golgi,Compartment,,,
332,Pyrimidine deprivation,53186,STING,Protein,HGNC,27962,STING1
332,Pyrimidine deprivation,53188,STING:TBK1,Complex,HGNC/HGNC,27962/11584,STING1/TBK1
332,Pyrimidine deprivation,53190,STING,Protein,HGNC,27962,STING1
332,Pyrimidine deprivation,53191,cGAMP:STING,Complex,/HGNC,/27962,/STING1
332,Pyrimidine deprivation,53192,STING,Protein,HGNC,27962,STING1
332,Pyrimidine deprivation,53193,cGAMP,Simple molecule,,,
333,HCoVs Ifn induction (WP4880),53199,SARS,Compartment,MESH,D045169,SARS
333,HCoVs Ifn induction (WP4880),53200,S ,Protein,,,
333,HCoVs Ifn induction (WP4880),53201,PLPro,Protein,,,
333,HCoVs Ifn induction (WP4880),53202,b8407,Complex,,,
333,HCoVs Ifn induction (WP4880),53205,nsp3,Protein,HGNC,16884,SH2D3C
333,HCoVs Ifn induction (WP4880),53207,,Compartment,,,
333,HCoVs Ifn induction (WP4880),53212,8ab,Protein,,,
333,HCoVs Ifn induction (WP4880),53213,dd322,Complex,,,
333,HCoVs Ifn induction (WP4880),53216,nsp15,Protein,,,
333,HCoVs Ifn induction (WP4880),53217,INF-I,Protein,,,
333,HCoVs Ifn induction (WP4880),53218,4a,Protein,,,
333,HCoVs Ifn induction (WP4880),53219,4b,Protein,,,
333,HCoVs Ifn induction (WP4880),53220,f7910,Complex,,,
333,HCoVs Ifn induction (WP4880),53224,bc0e3,Complex,,,
333,HCoVs Ifn induction (WP4880),53229,S ,Protein,,,
333,HCoVs Ifn induction (WP4880),53230,c82e3,Complex,,,
333,HCoVs Ifn induction (WP4880),53237,8b,Protein,HGNC,17089,SYNE1
333,HCoVs Ifn induction (WP4880),53238,PLPro,Protein,,,
333,HCoVs Ifn induction (WP4880),53241,f5415,Complex,,,
333,HCoVs Ifn induction (WP4880),53245,ebc96,Complex,,,
333,HCoVs Ifn induction (WP4880),53248,fc0ce,Complex,,,
333,HCoVs Ifn induction (WP4880),53252,f97b0,Complex,,,
333,HCoVs Ifn induction (WP4880),53255,e2203,Complex,,,
333,HCoVs Ifn induction (WP4880),53259,d46a8,Complex,,,
333,HCoVs Ifn induction (WP4880),53263,viral RNA,Unknown,MESH,D012367,"RNA, Viral"
333,HCoVs Ifn induction (WP4880),53266,4a,Protein,,,
333,HCoVs Ifn induction (WP4880),53267,DNA corresponding response elements,Compartment,,,
333,HCoVs Ifn induction (WP4880),53269,a472c,Complex,,,
333,HCoVs Ifn induction (WP4880),53270,ISRE,Unknown,,,
333,HCoVs Ifn induction (WP4880),53271,ISRE AP-1 NFkB,Complex,,,
333,HCoVs Ifn induction (WP4880),53272,ISGs,Protein,,,
333,HCoVs Ifn induction (WP4880),53273,INF-I,Protein,,,
333,HCoVs Ifn induction (WP4880),53274,PAMP,Unknown,HGNC,12843,YME1L1
333,HCoVs Ifn induction (WP4880),53275,INF-I,Protein,,,
333,HCoVs Ifn induction (WP4880),53313,MERS,Pathway,MESH,D065207,MERS
333,HCoVs Ifn induction (WP4880),53314,SARS,Pathway,MESH,D045169,SARS
333,HCoVs Ifn induction (WP4880),53315,"SARS, 229E, MHV",Pathway,,,
333,HCoVs Ifn induction (WP4880),53316,MERS,Pathway,MESH,D065207,MERS
333,HCoVs Ifn induction (WP4880),53317,SARS,Pathway,MESH,D045169,SARS
333,HCoVs Ifn induction (WP4880),53318,AP-1,Pathway,FPLX,AP1,AP1
333,HCoVs Ifn induction (WP4880),53319,SARS,Pathway,MESH,D045169,SARS
333,HCoVs Ifn induction (WP4880),53320,Nucleus,Pathway,GO,GO:0005634,nucleus
333,HCoVs Ifn induction (WP4880),53321,MERS,Pathway,MESH,D065207,MERS
333,HCoVs Ifn induction (WP4880),53322,SARS,Pathway,MESH,D045169,SARS
333,HCoVs Ifn induction (WP4880),53323,MERS,Pathway,MESH,D065207,MERS
333,HCoVs Ifn induction (WP4880),53324,SARS,Pathway,MESH,D045169,SARS
333,HCoVs Ifn induction (WP4880),53325,SARS,Pathway,MESH,D045169,SARS
333,HCoVs Ifn induction (WP4880),53326,SARS,Pathway,MESH,D045169,SARS
